name,anime_count_score,shared_10s_score,global_user_mean_diff_score,user_mean_diff_score,pearson_score,final_score
brettyoshi9,70.0,30.0,-0.0,-0.0,140.0,240.0
matchai,0.034370412874674794,7.5,-5.0,-10.0,28.58423567435495,21.118606087229626
Josh,3.5463595276702615,0.0,-4.615990399759994,-2.9253731343283675,17.21999010847159,13.224986102053489
