name,anime_count_score,shared_10s_score,global_user_mean_diff_score,user_mean_diff_score,pearson_score,final_score
brettyoshi9,70.0,30.0,-0.014348471919340966,-0.0,140.0,239.98565152808067
allmeta,2.5435232444834726,3.75,-0.4748317860488953,-1.949152542372886,44.72789519426598,48.597434110327676
nitrofire11111,2.262359357677584,7.5,-3.8406634944634703,-10.0,27.83426792868955,23.75596379190366
